week,train,revenue,expected,baseline,fit_pla,fit_meta,fit_tv,truth_nonmarketing,truth_pla_effect,pla_spend
1,True,2276.1549392077527,1903.8501903955978,-376.10828184401026,2165.2215758808566,91.06049250306918,23.67640385566969,1697.0591589940018,397.464238872169,118.24745413471089
2,True,2726.6830405074456,3663.88249090942,-359.07252300748735,3877.010317251407,117.19067876540161,28.754017900098457,1716.7113733465956,721.7018418083107,221.9353779373687
3,True,4899.370595469907,3955.1052408565297,-342.1065605131558,4148.98109314708,117.40345008275861,30.827258139833972,4007.6288800649195,630.1641376840092,154.5556396891361
4,True,4763.403106025884,3705.221397417049,-325.4199299084391,3878.5348424857034,118.84216797518998,33.26431686456477,4080.545940335132,431.57644181074716,88.80887292791076
5,True,4501.7776425124575,3300.8337299204873,-309.21812125159124,3466.4537239124274,109.34385263246023,34.254274627193666,4016.525823435183,295.46895074353716,60.13678908426895
6,True,2370.6526716233334,3088.989088698492,-293.6996030540771,3246.1154414274974,102.45050992820418,34.122740396879315,1926.2428414411472,290.66075158937065,67.36613412994194
7,True,2546.6737705472087,2841.633230990335,-279.0529479141037,2983.7389766483193,101.31187841685248,35.635323839274605,2148.3787495027063,250.54253628098454,55.535354661457646
8,True,2543.6381472623216,2758.581050129921,-265.4541014700481,2890.7295543151163,98.79918928478693,34.5064080000579,2138.3920833005395,267.35346731355816,63.024294852048314
9,True,2698.55429875916,2777.4411302813683,-253.06383422676396,2896.586148764358,97.44055788098912,36.478257862800824,2272.506942588725,290.7922549665615,69.12554978764338
10,True,2497.91869207034,2624.5852774966042,-242.02541315929363,2731.4433266058304,98.79727192751724,36.37009212256601,2100.900651500118,250.00224327909567,55.3635768567411
11,True,2436.53585392096,2500.539513035247,-232.4625268155159,2604.3306928912757,92.76813622530227,35.903210734179474,2063.4139057578395,240.76058367077152,55.065819687670995
12,True,2395.299365648534,2346.1481246301005,-224.47749396796223,2438.1502327112516,96.66850392595772,35.806881960827674,2033.3653590641454,212.39918621579176,47.20459142871846
13,True,2456.932627405171,2295.7174029219545,-218.14978175833323,2382.455551373177,95.29829505856968,36.11333824852647,2092.4540202756775,217.17446691128598,50.29698441974204
14,True,2496.589760666612,2637.6890438020996,-213.53485479612098,2709.4262236491763,106.82678639668345,34.970888552371456,1985.6073394283787,316.8880918229236,80.14255111472153
15,True,2637.2634729747147,2843.4076038141934,-210.66337187948207,2914.2349182691023,105.158395378507,34.677662046043814,2111.7034636248204,343.6540437572252,82.4749725618499
16,True,2614.1330460488575,3007.7754119313045,-209.54074197204554,3075.0159435862656,107.71031390453842,34.58989641254526,2062.5773867882767,361.98172384141924,86.60624816089732
17,True,4054.4412290714104,2815.218593629794,-210.14704586634025,2889.666790193768,100.84627864684737,34.85257065552574,3621.1308599750228,276.0892799289364,58.78457687590684
18,True,3011.9347242495837,3143.8477429170234,-212.43732466835309,3225.3885079560746,95.97505978814783,34.921499841145156,2472.2043138127183,402.1854591719333,103.76750283399477
19,True,2835.124694554631,2972.696455386204,-216.34223092519497,3060.3154802661325,93.42115532162126,35.302050723665225,2397.513675732887,307.30323115423903,65.7248250116176
20,True,2754.2792995611435,2885.3520232709584,-221.76903296572954,2979.362341036403,92.99497604021789,34.76373916004049,2328.8602108504265,295.25954169613726,68.05045483397596
21,True,2649.418460442466,2866.3924803152563,-228.60295790861096,2950.9465643329536,90.37507128083604,53.67380261006793,2187.294699304882,299.3702018281416,70.05012491200895
22,True,2694.1497762550575,2750.046361608777,-236.70885388726853,2839.5782497765235,90.66984790105273,56.50711781847312,2232.5558758239554,271.1982602185439,61.21780149636848
23,True,2613.037189950161,2587.82537379923,-245.93314741830352,2683.774919088422,92.2798544949396,57.70374763416503,2156.2222907718797,241.4346422728803,53.9909754874183
24,True,2635.777512618899,2457.7025414847835,-256.1060675652308,2569.298548690869,93.46553536667344,51.04452499245063,2206.8516598344527,231.29629778124638,52.76262002737644
25,True,2520.3907999006333,2465.433877055521,-267.0441046856202,2597.0606700910757,89.02523384924817,46.392077800812615,2095.992284639083,257.66518678992526,61.24448873995666
26,True,2857.333969521529,2799.8223766550263,-278.55266815223945,2936.790246229626,97.59600747674764,43.98879110089308,2314.805303988829,357.11433494511954,90.34268183915349
27,True,3154.2333327283172,3448.1030991102202,-290.4289045571459,3581.25260307924,115.57091723891406,41.70848334920383,2369.213143886107,529.2188797765677,142.82595608488617
28,True,2978.127028318444,3614.448460447429,-302.4646355834093,3757.1523072197942,118.81012915925645,40.95065965177307,2218.0211067482146,503.66255260069545,121.78810182438151
29,True,4914.676183067484,3507.3681566460314,-314.44937299610257,3668.8551417592807,111.91558874140135,41.046799141426554,4285.839158410002,424.48374264765215,96.26075382573919
30,True,4944.936980605567,3418.303012234872,-326.17336708718165,3597.9030979056483,107.01736719262227,39.55591422376514,4367.330853879403,401.66334876251057,94.19119237435655
31,True,2919.891932154,3471.3169644735112,-337.43064442449656,3669.355369864027,101.78181331233684,37.610425721630364,2326.984619644506,440.02896705894176,108.47120933198354
32,True,2747.981648285072,3097.194939580391,-348.021990910002,3312.530100609219,97.13479173252018,35.55203814867098,2313.6700822162643,297.86467486421327,60.30687221328193
33,True,2563.3510061848474,2720.532370089217,-357.7578369443518,2946.1727191836367,95.64376229110604,36.47372555882838,2201.6752041593013,227.50949862025328,48.22845819830501
34,True,2432.807151062652,2528.488326215552,-366.46100291276656,2764.271121479199,94.92315646612744,35.755051182971606,2065.0196651969804,234.10090731744134,54.42663288764953
35,True,2545.0863096110847,2285.4373546208403,-373.96926523008386,2528.7881245898034,94.68018465604348,35.93831060509126,2205.736657426666,203.16763193298002,44.883813102906686
36,True,2570.6029579871724,2164.451728683297,-380.13770578162166,2417.567621009854,91.42423335346541,35.59758010158645,2229.4431412130452,211.18994360110398,49.07631782021868
37,True,2383.8716909642953,2077.323901212868,-384.84081073353497,2337.8702949943145,87.67355776155831,36.6208591905274,2051.864594543632,209.70740582751267,48.167533078322194
38,True,2339.694446114727,2214.956895045287,-387.9742883161444,2469.8682709385143,97.48892196566086,35.573990457254745,1924.8350203008106,256.9728589250214,62.31404831312581
39,True,2250.257833540121,2279.294564101083,-389.45657925380067,2529.223821903516,103.51165614371837,36.01566530763215,1806.4549996106466,261.485012677603,60.857996021037046
40,True,2230.9687040218773,2372.659011488984,-389.23003796606855,2619.09550611255,106.87543767632181,35.91810566620425,1758.8142587393186,278.4728251891451,65.72220371085784
41,True,2836.473525939869,2264.2661436521557,-387.2617674333063,2514.639702596667,101.15569034890656,35.73251813987293,2437.6386472894546,234.76044230830038,51.56010343491763
42,True,1998.1688034889294,2451.7423172219333,-383.54409563538525,2702.8452568192733,96.89089536481923,35.55026067322454,1556.4952176226102,296.705779630048,72.8813733625437
43,True,2035.2725736430698,2205.02516752921,-378.09468666352893,2450.611793902251,96.88449242500454,35.62356786547085,1685.155746903119,205.29273034110196,41.727893609844585
44,True,2182.3840846593957,2509.3857637957694,-370.95628489598903,2740.1493023460453,103.75606564666025,36.436680699068084,1696.4315254666387,311.92358984178645,79.30766951502969
45,True,2311.603138830523,3073.8382865052195,-362.196095942631,3285.912163803716,115.12379599453571,34.998422649570195,1630.3980271288483,453.36096923810953,118.70963370053032
46,True,2358.871893378785,3425.012331984957,-351.9048133240344,3619.5461602276223,122.05832793716608,35.31265714418122,1599.4975147193527,497.1048764961829,124.828554344798
47,True,3779.6902683329145,3291.175799722394,-340.1953049814476,3483.7791609371766,112.06086549355038,35.53107827308798,3193.2278696329377,386.5725925211838,84.26460576026119
48,True,4081.406353952779,3268.5166164695365,-327.2009786405614,3435.6852077582457,101.64915666571763,58.38323068612292,3479.417067618149,376.55970728231796,88.53377390251767
49,True,2310.265470038126,3346.164064788567,-313.0738497029971,3497.200257143175,100.8599443527316,61.17771299564979,1626.6516227579332,407.4867190219423,99.24339347563487
50,True,2125.0487030965346,2997.7076895894274,-297.9823396478914,3135.7234130286415,97.12688840401808,62.83972780465834,1538.5839160627174,271.25454730798833,54.37564774146021
51,True,2299.686246818396,2738.7439581114936,-282.1088368285576,2858.426813050577,99.57230753965696,62.853674349828275,1727.0728208418502,234.06263141327204,51.794585573848735
52,True,2395.3646300363075,2839.786279294619,-265.6470549906845,2939.2324718447658,103.20663569790612,62.994226742651165,1726.9318030134903,305.6245353114078,75.66665387115081
53,True,2656.9827039513475,3375.469389102167,-248.79922776788297,3454.111134619766,113.07308133206999,57.084400918200764,1826.5145470035463,474.8579549231724,126.52937468861667
54,True,2778.9378839846786,3885.6931439479695,-231.77317978598936,3935.3448883566775,130.27871512304583,51.842720254264805,1780.246802275216,585.2884543527441,156.4483229866428
55,True,4682.724149520509,3907.2754708334596,-214.7793167944898,3945.0258605115496,128.74951508225317,48.279412034116326,3818.3190334955407,509.4833503998203,119.60082191753241
56,True,4885.002107619972,4188.673236938373,-198.02757841625566,4222.466461504251,118.07817311483039,46.15618073555561,4034.272649688772,601.9410334956701,160.660705358938
57,True,5162.308366345756,3851.054928821656,-181.72439764804133,3881.705964488331,107.42463274743432,43.64872923388953,4581.71549424218,406.79952705295887,82.9140526863983
58,True,3037.166328932227,3941.2723079162056,-166.0697111465246,3962.6741759590373,102.96871171107604,41.699131392577215,2401.855591081571,491.30995179379903,125.89035650834137
59,True,2802.6986359571974,3428.759498565618,-151.25406359909798,3436.6539665215055,103.13760220047872,40.22199344273206,2378.405333967811,275.34344426618213,49.89412765523348
60,True,2653.142217822625,3084.213646734126,-137.4558481160452,3083.384977096662,100.69257232726683,37.59194542621718,2270.8711391824604,238.89410116493787,52.988404973875376
61,True,2744.462116258852,2938.192338985517,-124.83872261077305,2933.4048312275395,94.62402673700986,35.00220363172211,2357.1078142236533,261.4301810029861,61.92819644262956
62,True,2665.1602799903853,2724.0831165658196,-113.54923958594212,2708.172847601323,93.9602435597294,35.49926499071808,2306.210402081325,229.651665930465,51.07890883835153
63,True,2821.5803905383887,2690.4778483133873,-103.71472365272294,2667.151652483693,91.99134999283015,35.04956948957833,2434.900149508681,255.46320734319656,60.68180880334014
64,True,2627.1705214463927,2719.0938944163217,-95.44142752244603,2687.5775066215733,91.88438940441476,35.07342591278354,2218.8570894500554,272.71608327087665,64.3440343495676
65,True,2418.573839685399,2547.3878969801367,-88.81299317695603,2510.55777330862,91.0085860931925,34.6345307552774,2061.210511934877,224.37033387747545,48.82341682586818
66,True,2483.0662849409487,2793.059550888524,-83.88924050413405,2737.225655842656,104.23657960529104,35.486555944715306,1991.631634331683,306.6049728706399,76.53961560015537
67,True,2386.0637030523735,2944.497988656234,-80.70530094242794,2882.8622581847303,104.44292464014401,37.898106773775176,1871.845716422247,329.74429612463797,78.74982129912065
68,True,2499.777190261567,3134.2779564887614,-79.27110868161536,3065.5081802539767,110.35544606940465,37.68543884700766,1929.1297290141185,361.6155337724294,87.36132104182221
69,True,3510.9752808886174,2974.1385163065142,-79.57125678858803,2913.630769829408,102.50562777312912,37.573375492578194,3056.74526608126,284.9629567169298,61.5044021499334
70,True,2577.4925321971264,3136.8676700669916,-81.56522034184289,3073.4325280647745,105.78603145032321,39.214330893737454,2045.9297423935252,349.8362436174353,86.38536230154006
71,True,2492.209014816294,3029.8298959631493,-85.18794334310462,2975.899076430398,102.11987481850235,36.99888805737626,2028.0498465821747,300.25351999863744,66.9255497744035
72,True,2667.6446095673305,3021.022102048463,-90.35078090597298,2974.468226242379,98.99909103681148,37.90556567523937,2207.083255649545,309.2490925329568,72.7825079299631
73,True,2772.229093034116,3039.9881098367714,-96.94278307613907,2981.358738549879,99.02088356011262,56.55127080293027,2252.8623837159503,313.66594078317723,73.59314236414545
74,True,2817.2778263463815,3023.9657307206985,-104.83230168994378,2972.2984848339747,97.79665571768052,58.70289185900892,2276.0215099270927,309.6322861060362,72.07502383537332
75,True,2946.925332033825,2908.261600603505,-113.86889699957874,2863.417255064005,99.75990606196461,58.95333647710107,2416.234680119356,277.78862255921223,62.58123747717506
76,True,2962.6968263843974,2949.980932588777,-123.88551645177915,2928.54556745069,92.8563785628775,52.46450302695115,2449.747456242781,312.4495250900301,75.14224421645051
77,True,2828.0072803984403,2888.7343224042825,-134.70091406533115,2879.5210335544352,95.83205290225489,48.08215001290696,2342.2892122425765,292.4459933151213,66.87134722513566
78,True,3058.7983083435724,3286.0670801660613,-146.12227536823218,3282.401579351161,104.06062603259936,45.72715015053404,2420.34197996661,425.28314956160654,110.41646174816337
79,True,3077.2493106909865,3624.263895514936,-157.94800987818675,3620.6301173536554,117.68287629934636,43.89891174009793,2317.804635528651,493.926070907413,125.59433741583629
80,True,3047.7895865219853,3841.0556839380965,-169.97067068372667,3850.5406927334534,118.96570596831008,41.519955920063694,2271.8200114708043,522.9002761287619,131.33438485491232
81,True,5180.711510380977,3716.0479912994533,-181.97995884243772,3745.1243814981476,112.69778604047676,40.205782603255685,4541.805065055,435.13447695974986,98.43480779717183
82,True,5103.625895779976,3521.98002641997,-193.76576908437715,3575.505581010194,102.11272094415263,38.12749355001526,4574.751275846867,376.5576904834484,85.32595370397644
83,True,2792.9618283478703,3518.8411398762373,-205.12123271059178,3590.541578681227,96.70851893384211,36.71227497174993,2250.474889757716,410.6359909571532,100.28332822685185
84,True,2608.0473953697815,3063.6585329421696,-215.84571361723525,3150.406924296531,94.4135057741271,34.68381648873089,2226.966846783849,254.20665347511743,49.034036788719746
85,True,2691.9203739292743,2746.4560512833054,-225.74771405469514,2841.9345693625232,95.48723660688245,34.78195936858655,2336.463201611865,222.0371050559571,49.25262899099006
86,True,2651.279524498315,2559.008650610188,-234.64764803833842,2665.2569741268258,93.07222145000297,35.32710307169226,2298.4872340202273,224.03678123225734,51.76313398699423
87,True,2701.2413214716416,2425.592287016508,-242.3804422443884,2539.855048486754,94.55191744569598,33.565763328448014,2341.3944870103683,223.491991283275,51.48110619466938
88,True,2584.639202400147,2280.7131949569807,-248.7979267227814,2404.1079439221367,91.993151608224,33.41002614939023,2243.3930721009783,209.14424213278076,47.27271684462541
89,True,2405.412200519784,2169.095816315855,-253.77098080298268,2297.623711152316,90.4650389440781,34.77804702245272,2073.3522783836297,201.48841169464805,45.86831588616295
90,True,2848.357074255143,2379.8090617000876,-257.1914031141811,2507.6619161115896,95.27060194861704,34.06794675406763,2427.9720848334937,272.19717614861275,67.38768128552151
91,True,2939.491647417185,2731.858283594719,-258.9734786368477,2856.0846413375284,100.48335833087675,34.263762563180066,2420.406351200585,351.8832376264154,87.80675233392445
92,True,3031.9245452673504,3030.224694260413,-259.05522009047036,3148.721248039756,106.0156052640249,34.54306104709547,2443.6566282071085,399.80063403785874,98.29558769965169
93,True,4274.966800237933,2867.643074944286,-257.3992656787769,2987.976604518298,101.18358873269526,35.882147372085115,3810.6513296687394,299.5969499666535,63.51168233972142
94,True,2997.889544750483,3072.770059691996,-253.99342019067183,3191.396317923458,99.66361379318262,35.70354816603422,2464.600413960398,376.80648714558623,94.09006347866502
95,True,2831.446427107789,2959.3318417744467,-248.850831620203,3075.206907846396,98.05438188976551,34.92138365851763,2368.681175239011,313.77942848438397,69.37230521496006
96,True,2804.4040780414057,3216.378119753273,-242.00980074768424,3317.6437889355993,105.00236455962099,35.74176700575316,2220.848526492912,405.0855298441564,102.41328003351013
97,True,3023.7297971684607,3665.715993093503,-233.53322643972248,3747.178865050144,117.85515685758058,34.21519762549638,2254.7336134518564,526.9752937915715,138.9007676460412
98,True,2858.157638945108,3759.809829141397,-223.5076947017282,3829.3514793006816,119.6682782224126,34.297766320007106,2120.2622350661186,492.67373569583106,118.02897296473886
99,True,5455.9240697149135,3509.475872946086,-212.0422246759186,3568.0197538394928,117.47724027213383,36.021103510379305,4864.647059469726,364.42369628622305,77.45881332740674
100,True,5472.850420568331,3620.5701046065124,-199.26668974620202,3652.6774307453475,108.21005894470376,58.949304662700314,4780.562753990169,434.1200195746329,108.88814926065625
101,True,2578.183346892089,3534.5762871289658,-185.3299366166328,3556.860709285702,101.61314475143797,61.43236970845981,1902.687711455296,392.8278925932984,90.66002660096062
102,True,2482.766233446023,3059.796213525761,-170.39762960434885,3069.139808994885,98.56566150589933,62.48837262931679,1943.4989876785633,230.91881499056188,43.24715994382411
103,True,2502.4362536533117,2685.046175023084,-154.64985136751878,2676.7380886068263,99.87265947317138,63.085278310613134,1976.30113146458,184.86013844880586,39.708002907820415
104,True,2853.986202680502,2870.289117206503,-138.27849481627095,2836.0736919087244,108.66886507854117,63.82505503549569,2144.204616970709,298.00348477559976,76.22619185081562
105,True,2975.9785750263018,3315.7409070118265,-121.48448397894677,3256.6831791817276,122.03790863815448,58.50430317088206,2124.5908423404258,426.5367524507575,110.49542186622946
106,True,3297.7909036921724,4129.14133632272,-104.4748640730329,4046.282203745687,134.1719015921559,53.16209505790881,2196.881877866141,650.5469043848228,186.8680311082912
107,True,5396.28539083374,4113.422606687711,-87.45980292458492,4018.262924263893,132.59943364350025,50.02005170491663,4484.825074231211,526.3821424756699,120.34488980291108
108,True,5501.990376525938,4207.630736417108,-70.64954716371732,4104.4893131322715,125.3531238184039,48.43784663018841,4666.530156061256,539.66972887202,135.19626545690105
109,True,5317.8416235002505,3982.2822055514484,-54.25137727881188,3876.8684157913776,114.07296191472103,45.59220512417919,4686.9394162899,425.5028954330842,93.96016389871467
110,True,2892.9539184856267,3787.582963843969,-38.466605628555925,3672.1363143821873,109.38864016701828,44.524614923334205,2347.9708777495953,378.44031233305515,86.57831589444406
111,True,3139.7007031914127,3366.7448250851708,-23.487660888810595,3242.6453423955477,104.93328836003468,42.65385521840797,2731.110642296936,257.4969167203569,52.12168700172485
112,True,3255.015454924788,3173.6970493337353,-9.49530115949032,3037.6687085910717,106.4513859349444,39.07225596719206,2830.4943282762324,263.6505277142203,61.48770418494772
113,True,3226.616303950442,3207.946289164429,3.344003906729319,3066.426082061689,101.83352702520544,36.3426761707994,2760.010908027222,318.7101513808155,77.9374610980376
114,True,2993.9834040008805,2922.7470992667795,14.880484039935473,2768.1924579285046,101.94663195623575,37.72752534209222,2605.8230267609306,232.29624626436777,48.36453212839138
115,True,3095.6047252229446,2733.8989557433247,24.983237435799925,2574.573543412427,98.05867584295314,36.28349905213788,2727.485314435387,219.83408919369168,49.90736925380466
116,True,2972.6526198053166,2547.7073799047457,33.54212657145505,2386.7920782568613,91.3224197508821,36.050755325556,2646.6181604067997,197.44253021431464,44.04768715748824
117,True,3042.8180741622473,2580.659814605276,40.469373297823,2415.7701307759653,88.16802895550491,36.25228157598416,2688.3121554259615,233.56865268269587,56.038399045466385
118,True,3224.622181797222,2947.5420352881742,45.70083010711255,2769.372045260136,97.57205343363091,34.89710648729782,2736.5032808602004,333.66498739637586,84.39287078176737
119,True,3348.600867541135,3181.606305609961,49.19690916403711,2997.5000710984523,98.37182331765098,36.53750202980717,2826.9033820913537,363.0489500504858,87.57475786975075
120,True,3064.671480846153,3358.6652330295033,50.943155645867,3162.7778492651637,108.73659514231589,36.20763297616466,2483.8357295742467,378.567425667645,90.69084455997378
121,True,4164.4497095865945,3180.4711185382416,50.95045708776302,2993.7392499730136,99.15164725027685,36.629764227187025,3712.1725438801727,294.3355862316697,63.27851898764083
122,True,2839.562090622137,3185.074866810601,49.254885701514695,3003.8314621976474,96.58820650525048,35.400312406178266,2379.971126170366,314.86770854775625,74.87894623960479
123,True,2910.0158921441816,2917.8607987470846,45.91717595132857,2738.9722760059212,97.27994614212125,35.69140064772697,2528.6976531939217,233.35497016972226,48.91237677003416
124,True,2985.4350570013016,2809.278982706464,41.02184495280325,2632.918188795526,100.00774921729042,35.331199740850344,2590.1906549456285,236.28675076290645,54.72757318719262
125,True,2851.777349014958,2851.5422875154522,34.67596843411465,2664.728762974535,98.3449608450331,53.79259526177499,2396.6305503421786,264.91427319731355,63.131359476959666
126,True,3057.6442547663455,2768.8451739452485,27.007629986836353,2586.545913480039,98.57572292133104,56.71590755704771,2598.2906188028605,243.3279066592208,54.93785077133434
127,True,2957.3723996060316,2715.0583941576974,18.164066065493472,2543.0638777107615,95.06479405656262,58.76565632486555,2486.2895623910217,241.8698829979465,55.79635314745697
128,True,2819.1933746739896,2742.439589214657,8.30953360130491,2585.9046753837974,96.1559035339542,52.06947669559669,2350.084469903044,261.41110363288885,61.742043923504156
129,True,2711.79229491115,2623.6383870082964,-2.3770688870820034,2480.840221810987,96.87978980153417,48.295444282850525,2287.3960690060126,228.89998679517197,50.84967613102402
130,True,2588.636933767826,2973.906677824733,-13.704792233064724,2840.7417843849453,102.02805881794923,44.84162685492822,2044.8753296887985,342.07025307520837,87.30640475525196
131,True,2875.15191815475,3469.6092530434153,-25.473402087871243,3338.365549070601,114.43972117560138,42.27738488505845,2169.314593037861,460.64383562972523,119.33127580073014
132,True,2981.257565505069,3775.1561937603815,-37.476278861160814,3653.4232000754937,118.47840779658505,40.73086474947468,2229.081936864652,500.5752660097953,125.56884738448163
133,True,4801.390985062427,3654.950079268674,-49.50341013737387,3553.0603351314344,111.73888403316974,39.654270241462285,4196.418052637078,404.55683343133904,89.88450347530089
134,True,4521.669395924858,3527.99253860536,-61.34443222946175,3448.5466327307836,102.65265478738198,38.137683316662844,3997.0339105304356,369.08301303825647,84.95990713697519
135,True,2450.4968567404003,3363.552431329311,-72.7916768199897,3299.934159267215,99.18446967032558,37.22547921175483,1976.624116899837,331.8143932732444,75.47460947989084
136,True,2149.230321130846,2994.383498039353,-83.64317856591822,2948.9977685191443,94.60786097654565,34.42104710953787,1782.7600978655769,238.88338147148278,49.50680030251262
137,True,2255.9833884670165,2756.52969881,-93.7056001087354,2719.3351826541266,96.68488840204695,34.21522786255812,1895.7169671707973,222.60657593143293,50.33753960054241
138,True,2054.1488841880237,2522.530757871806,-102.79703212778395,2498.8618343681105,92.72671419809836,33.73924143336506,1728.658592310808,199.02094235822204,44.349459922405636
139,True,2030.1102731714377,2344.5778719766386,-110.74962788437759,2324.713423456369,95.57066786942788,35.04340853522161,1701.9837455104112,187.9745005484789,42.50011626908704
140,True,2036.493114246625,2104.4380417201874,-117.41203410129489,2096.57159002278,92.01354022736813,33.26494557132568,1747.1766211414522,158.19923197568966,34.473764381831074
141,True,2204.2534905769276,2130.039609978934,-122.65158297186922,2127.276979617327,92.39547541584503,33.01873791763386,1872.9622046943462,196.19792519478298,47.29111385967793
142,True,2305.756079251949,2503.946480439754,-126.35621355240946,2495.611413561648,101.11434542875948,33.576935001748396,1842.7384382160865,293.5166884129806,74.18382357713737
143,True,2312.746482309562,2638.9228050363695,-128.43609471091486,2632.8692065711134,98.88437995196117,35.605313224186524,1859.7727962009176,293.60600412164297,68.38899138051232
144,False,2336.0320653190834,2769.9011565007695,-128.8249261273788,2758.877466858004,106.3564640697621,33.49215170039716,1841.7466583532478,306.37501971450126,72.30199837796624
145,False,3060.7252955197987,2572.7919718258445,-127.48089850361136,2567.841668996521,98.86477862240207,33.566422710550746,2678.3451938052463,229.72164680970192,48.35585303300799
146,False,2131.8857647938403,2823.3199306897563,-124.38729907614317,2821.568110647569,93.58048659121037,32.55863252713327,1678.8600699932226,321.80018273872855,80.92099521638804
147,False,2021.1379587383467,2722.2514198071444,-119.55275366271259,2715.7148418938514,92.49853788700672,33.59079368898635,1629.2392511644694,263.67147904065484,57.55798404142844
148,False,2008.578386161637,2898.3763749507534,-113.01110173685302,2880.525217835926,97.48017851800891,33.382080333677685,1540.2289753080793,320.34599908523745,78.44076794490796
149,False,2306.528208021337,3477.9664656240975,-104.8209063398372,3436.8263124896826,111.21914258397676,34.74191689026792,1615.5623009680162,480.6204694335145,127.63580505521415
150,False,2228.3327057500323,3572.1440573464206,-95.0646059277832,3518.1043592932583,114.89502782801068,34.20927615295963,1567.420249337341,435.955677416247,101.74627998483248
151,False,4235.194117254243,3393.7699420808353,-83.84732043751437,3331.4605651653,112.34023795995037,33.81645939312629,3686.4942554200898,342.37318061722635,74.3955684411601
152,False,4316.507666379319,3486.989691396525,-71.2953288625874,3400.18133172913,101.40979122180467,56.69389730820078,3714.457637712422,388.47151487926857,95.20514265515743
153,False,2191.9085663040887,3498.9274474328204,-57.554240388348056,3398.8459187730023,97.11063293542283,60.52513611274038,1557.3725942834449,382.56897810705266,90.34742219437643
154,False,2013.6333136250282,3112.9641548112145,-42.78688557298616,2996.4750407959405,97.04812700636944,62.22787258186526,1472.6198216806235,242.33075727381552,47.31031365865319
155,False,2184.1479765937665,2828.364538554628,-27.170958116045657,2699.899264023514,93.16929972031811,62.46693292682364,1672.2678706760314,208.91485886396325,46.08723444113594
156,False,2271.9464565580247,2545.9737923784564,-10.896441368026476,2401.243109760424,92.7885473312043,62.83857665483986,1781.4375508783314,173.1480815958464,37.59025600961817
